09e331,192.168.56.1,GET,http://taskapp.xyz/app_dev.php/rest/usuariog/3,1529776902,af1fc5,200
af1fc5,192.168.56.1,GET,http://taskapp.xyz/app_dev.php/rest/usuariog/3,1529776902,,500
9efa07,192.168.56.1,GET,http://taskapp.xyz/app_dev.php/rest/usuariog/3,1529777015,,200
21df7a,192.168.56.1,GET,http://taskapp.xyz/app_dev.php/rest/usuariog/3,1529777243,,200
ee0086,192.168.56.1,GET,http://taskapp.xyz/app_dev.php/rest/usuariog/5,1529777812,,200
43dc0b,192.168.56.1,GET,http://taskapp.xyz/app_dev.php/rest/usuariog/6,1529777836,,200
285fd7,192.168.56.1,GET,http://taskapp.xyz/app_dev.php/rest/usuariog/7,1529777842,,200
66cd1a,192.168.56.1,GET,http://taskapp.xyz/app_dev.php/rest/usuariog/8,1529777846,,200
175725,192.168.56.1,GET,http://taskapp.xyz/app_dev.php/rest/usuariog/20,1529777851,9a56b7,200
9a56b7,192.168.56.1,GET,http://taskapp.xyz/app_dev.php/rest/usuariog/20,1529777851,,404
9ad06b,192.168.56.1,GET,http://taskapp.xyz/app_dev.php/rest/usuariog/2,1529777857,,200
1c4d56,192.168.56.1,GET,http://taskapp.xyz/app_dev.php/rest/usuariog/3,1529777861,,200
831ac2,192.168.56.1,POST,http://taskapp.xyz/app_dev.php/rest/usuariog,1529777867,,200
38f91b,192.168.56.1,POST,http://taskapp.xyz/app_dev.php/rest/usuariog,1529777876,,200
0dae49,192.168.56.1,GET,http://taskapp.xyz/app_dev.php/rest/usuariog/3,1529966256,,200
13feff,192.168.56.1,GET,http://taskapp.xyz/app_dev.php/rest/usuariog/254,1529966259,beadfd,200
beadfd,192.168.56.1,GET,http://taskapp.xyz/app_dev.php/rest/usuariog/254,1529966259,,404
4e0030,192.168.56.1,GET,http://taskapp.xyz/app_dev.php/rest/usuariog/254,1529966299,7db279,200
7db279,192.168.56.1,GET,http://taskapp.xyz/app_dev.php/rest/usuariog/254,1529966299,,404
6d4989,192.168.56.1,GET,http://taskapp.xyz/app_dev.php/rest/usuariog/254,1529966302,0a3969,200
0a3969,192.168.56.1,GET,http://taskapp.xyz/app_dev.php/rest/usuariog/254,1529966302,,404
b221b1,192.168.56.1,GET,http://taskapp.xyz/app_dev.php/rest/usuariog/254,1529966332,329b2c,200
329b2c,192.168.56.1,GET,http://taskapp.xyz/app_dev.php/rest/usuariog/254,1529966332,,404
5a91cf,192.168.56.1,GET,http://taskapp.xyz/app_dev.php/rest/usuariog/254,1529966340,4a6738,200
4a6738,192.168.56.1,GET,http://taskapp.xyz/app_dev.php/rest/usuariog/254,1529966340,,404
a15684,192.168.56.1,GET,http://taskapp.xyz/app_dev.php/rest/usuariog/254,1529966352,ab546c,200
ab546c,192.168.56.1,GET,http://taskapp.xyz/app_dev.php/rest/usuariog/254,1529966352,,404
c46d0d,192.168.56.1,GET,http://taskapp.xyz/app_dev.php/rest/usuariog/3,1529966366,,200
860a60,192.168.56.1,GET,http://taskapp.xyz/app_dev.php/rest/usuariog/3,1529966688,,200
53131c,192.168.56.1,GET,http://taskapp.xyz/app_dev.php/rest/usuariog/3,1529966715,,200
a8a102,192.168.56.1,GET,http://taskapp.xyz/app_dev.php/rest/usuariog/3,1529967075,e60475,200
e60475,192.168.56.1,GET,http://taskapp.xyz/app_dev.php/rest/usuariog/3,1529967075,,500
fe4bd3,192.168.56.1,GET,http://taskapp.xyz/app_dev.php/rest/usuariog/3,1529967392,01572b,200
01572b,192.168.56.1,GET,http://taskapp.xyz/app_dev.php/rest/usuariog/3,1529967392,,500
ecce1e,192.168.56.1,GET,http://taskapp.xyz/app_dev.php/rest/usuariog/3,1529967470,db9d2e,200
db9d2e,192.168.56.1,GET,http://taskapp.xyz/app_dev.php/rest/usuariog/3,1529967470,,500
9caac8,192.168.56.1,GET,http://taskapp.xyz/app_dev.php/rest/usuariog/3,1529967526,,200
2e9f6e,192.168.56.1,GET,http://taskapp.xyz/app_dev.php/rest/usuariog,1529967545,4f7d1c,200
4f7d1c,192.168.56.1,GET,http://taskapp.xyz/app_dev.php/rest/usuariog,1529967545,,500
5945f7,192.168.56.1,POST,http://taskapp.xyz/app_dev.php/rest/usuariog,1529967572,,200
298741,192.168.56.1,GET,http://taskapp.xyz/app_dev.php/rest/usuariog/3,1529967673,f4ea22,200
f4ea22,192.168.56.1,POST,http://taskapp.xyz/app_dev.php/rest/usuariog/3,1529967673,,405
de498d,192.168.56.1,GET,http://taskapp.xyz/app_dev.php/rest/usuarioa/3,1529967814,74c3a7,200
74c3a7,192.168.56.1,PUT,http://taskapp.xyz/app_dev.php/rest/usuarioa/3,1529967814,,500
455fab,192.168.56.1,GET,http://taskapp.xyz/app_dev.php/rest/usuarioa/3,1529967849,d2ffd8,200
d2ffd8,192.168.56.1,PUT,http://taskapp.xyz/app_dev.php/rest/usuarioa/3,1529967849,,500
1ff737,192.168.56.1,GET,http://taskapp.xyz/app_dev.php/rest/usuarioa/3,1529967884,bebd22,200
bebd22,192.168.56.1,PUT,http://taskapp.xyz/app_dev.php/rest/usuarioa/3,1529967884,,500
9f6950,192.168.56.1,GET,http://taskapp.xyz/app_dev.php/rest/usuario/3,1529968139,f1fc4e,200
f1fc4e,192.168.56.1,PUT,http://taskapp.xyz/app_dev.php/rest/usuario/3,1529968139,,500
369385,192.168.56.1,PUT,http://taskapp.xyz/app_dev.php/rest/usuario/3,1529968155,,200
2312dd,192.168.56.1,PUT,http://taskapp.xyz/app_dev.php/rest/usuario/3,1529968203,,200
2ad19e,192.168.56.1,GET,http://taskapp.xyz/app_dev.php/usuario,1529968306,,200
1e8f7c,192.168.56.1,GET,http://taskapp.xyz/app_dev.php/usuario,1529968485,,200
ccb11e,192.168.56.1,GET,http://taskapp.xyz/app_dev.php/usuario,1529968552,,200
9e9f76,192.168.56.1,GET,http://taskapp.xyz/app_dev.php/usuario,1529968601,,200
cec046,192.168.56.1,GET,http://taskapp.xyz/app_dev.php/usuario,1529968729,,200
3135b7,192.168.56.1,GET,http://taskapp.xyz/app_dev.php/usuario,1529968780,,200
12cd36,192.168.56.1,GET,http://taskapp.xyz/app_dev.php/usuario,1529968782,,200
bd18bb,192.168.56.1,GET,http://taskapp.xyz/app_dev.php/usuario,1529968783,,200
6ed041,192.168.56.1,GET,http://taskapp.xyz/app_dev.php/usuario,1529968783,,200
b59c3d,192.168.56.1,GET,http://taskapp.xyz/app_dev.php/usuario,1529968783,,200
dc398f,192.168.56.1,GET,http://taskapp.xyz/app_dev.php/usuario,1529968784,,200
59e816,192.168.56.1,GET,http://taskapp.xyz/app_dev.php/usuario,1529968810,,200
b31d3d,192.168.56.1,GET,http://taskapp.xyz/app_dev.php/usuario,1529968811,,200
46ed42,192.168.56.1,GET,http://taskapp.xyz/app_dev.php/usuario,1529968820,,200
07d825,192.168.56.1,GET,http://taskapp.xyz/app_dev.php/usuario,1529968835,,200
421e54,192.168.56.1,GET,http://taskapp.xyz/app_dev.php/usuario,1529968857,,200
c7c06f,192.168.56.1,GET,http://taskapp.xyz/app_dev.php/usuario,1529968858,,200
f62c11,192.168.56.1,GET,http://taskapp.xyz/app_dev.php/usuario,1529968859,,200
9754af,192.168.56.1,GET,http://taskapp.xyz/app_dev.php/usuario,1529968924,,200
4ae81e,192.168.56.1,GET,http://taskapp.xyz/app_dev.php/usuario,1529968946,,200
ad414d,192.168.56.1,GET,http://taskapp.xyz/app_dev.php/usuario,1529968954,,200
d1393d,192.168.56.1,GET,http://taskapp.xyz/app_dev.php/usuario,1529968991,,200
ea545c,192.168.56.1,GET,http://taskapp.xyz/app_dev.php/usuario,1529968992,,200
e92366,192.168.56.1,GET,http://taskapp.xyz/app_dev.php/usuario,1529969045,,200
841761,192.168.56.1,GET,http://taskapp.xyz/app_dev.php/usuario,1529969046,,200
55c59f,192.168.56.1,GET,http://taskapp.xyz/app_dev.php/usuario,1529969090,,200
fa82d9,192.168.56.1,GET,http://taskapp.xyz/app_dev.php/usuario,1529969091,,200
245209,192.168.56.1,GET,http://taskapp.xyz/app_dev.php/usuario,1529969101,,200
07dbed,192.168.56.1,GET,http://taskapp.xyz/app_dev.php/usuario,1529969103,,200
a757ff,192.168.56.1,GET,http://taskapp.xyz/app_dev.php/usuario,1529969136,,200
fe1877,192.168.56.1,GET,http://taskapp.xyz/app_dev.php/usuario,1529969137,,200
5174e7,192.168.56.1,GET,http://taskapp.xyz/app_dev.php/usuario,1529969138,,200
38fa91,192.168.56.1,GET,http://taskapp.xyz/app_dev.php/usuario,1529969151,,200
fe53cb,192.168.56.1,GET,http://taskapp.xyz/app_dev.php/usuario,1529969151,,200
9222fa,192.168.56.1,GET,http://taskapp.xyz/app_dev.php/usuario,1529969283,,200
59a21d,192.168.56.1,GET,http://taskapp.xyz/app_dev.php/usuario,1529969333,,200
731918,192.168.56.1,GET,http://taskapp.xyz/app_dev.php/usuario,1529969334,,200
f6fc5c,192.168.56.1,GET,http://taskapp.xyz/app_dev.php/usuario,1529969347,,200
7fbc58,192.168.56.1,GET,http://taskapp.xyz/app_dev.php/usuario,1529969348,,200
351240,192.168.56.1,GET,http://taskapp.xyz/app_dev.php/usuario,1529969366,,200
d7afcd,192.168.56.1,GET,http://taskapp.xyz/app_dev.php/usuario/crear,1529970044,,200
098f28,192.168.56.1,GET,http://taskapp.xyz/app_dev.php/usuario/crear,1529970135,,200
ae8f77,192.168.56.1,GET,http://taskapp.xyz/app_dev.php/usuario/crear,1529970136,,200
d0282b,192.168.56.1,GET,http://taskapp.xyz/app_dev.php/usuario/crear,1529970137,,200
65877a,192.168.56.1,GET,http://taskapp.xyz/app_dev.php/usuario/crear,1529970137,,200
ab8595,192.168.56.1,GET,http://taskapp.xyz/app_dev.php/usuario/crear,1529970148,,200
9f09b1,192.168.56.1,GET,http://taskapp.xyz/app_dev.php/usuario/crear,1529970149,,200
68d90f,192.168.56.1,GET,http://taskapp.xyz/app_dev.php/usuario/crear,1529970184,,200
44ffdd,192.168.56.1,GET,http://taskapp.xyz/app_dev.php/usuario/crear,1529970223,,200
a36c2a,192.168.56.1,GET,http://taskapp.xyz/app_dev.php/usuario/crear,1529970224,,200
f48b03,192.168.56.1,GET,http://taskapp.xyz/app_dev.php/usuario/crear,1529970228,,200
ab5edc,192.168.56.1,GET,http://taskapp.xyz/app_dev.php/usuario/crear,1529970231,,200
82e3d0,192.168.56.1,GET,http://taskapp.xyz/app_dev.php/usuario/crear,1529970232,,200
385849,192.168.56.1,GET,http://taskapp.xyz/app_dev.php/usuario/crear,1529970233,,200
3934d5,192.168.56.1,GET,http://taskapp.xyz/app_dev.php/usuario/crear,1529970782,07c247,200
07c247,192.168.56.1,GET,http://taskapp.xyz/app_dev.php/usuario/crear,1529970782,,404
3c6dd6,192.168.56.1,GET,http://taskapp.xyz/app_dev.php/rest/usuario/crear,1529970806,075d79,200
075d79,192.168.56.1,GET,http://taskapp.xyz/app_dev.php/rest/usuario/crear,1529970806,,405
0ca65d,192.168.56.1,GET,http://taskapp.xyz/app_dev.php/usuario/3,1529971008,,200
5869f8,192.168.56.1,GET,http://taskapp.xyz/app_dev.php/usuario/3,1529971073,,200
f3b895,192.168.56.1,GET,http://taskapp.xyz/app_dev.php/usuario/3,1529971074,,200
f1efa7,192.168.56.1,GET,http://taskapp.xyz/app_dev.php/usuario/3,1529971074,,200
c4017c,192.168.56.1,GET,http://taskapp.xyz/app_dev.php/usuario/3,1529971101,,200
165991,192.168.56.1,GET,http://taskapp.xyz/app_dev.php/usuario/3,1529971130,,200
dc07ff,192.168.56.1,GET,http://taskapp.xyz/app_dev.php/usuario/10,1529971196,,200
74b7e4,192.168.56.1,GET,http://taskapp.xyz/app_dev.php/usuario/11,1529971199,,200
528994,192.168.56.1,GET,http://taskapp.xyz/app_dev.php/usuario/12,1529971200,,200
2b33f9,192.168.56.1,GET,http://taskapp.xyz/app_dev.php/usuario/13,1529971203,,200
2200a4,192.168.56.1,GET,http://taskapp.xyz/app_dev.php/usuario/14,1529971205,,200
9c3c1d,192.168.56.1,GET,http://taskapp.xyz/app_dev.php/usuario/15,1529971208,,200
a27e91,192.168.56.1,GET,http://taskapp.xyz/app_dev.php/usuario/16,1529971209,,200
fd693e,192.168.56.1,GET,http://taskapp.xyz/app_dev.php/usuario/19,1529971224,8b22dd,200
8b22dd,192.168.56.1,GET,http://taskapp.xyz/app_dev.php/usuario/19,1529971224,,404
3d4e2b,192.168.56.1,GET,http://taskapp.xyz/app_dev.php/usuario/18,1529971228,6f2668,200
6f2668,192.168.56.1,GET,http://taskapp.xyz/app_dev.php/usuario/18,1529971228,,404
8079df,192.168.56.1,GET,http://taskapp.xyz/app_dev.php/usuario/3,1529971296,,200
b38887,192.168.56.1,GET,http://taskapp.xyz/app_dev.php/usuario/3,1529971398,,200
053922,192.168.56.1,GET,http://taskapp.xyz/app_dev.php/usuario,1529971463,,200
8be576,192.168.56.1,GET,http://taskapp.xyz/app_dev.php/usuario,1529971465,,200
0cf31b,192.168.56.1,GET,http://taskapp.xyz/app_dev.php/usuario/1,1529971467,,200
bd7c27,192.168.56.1,GET,http://taskapp.xyz/app_dev.php/usuario,1529971469,,200
229600,192.168.56.1,GET,http://taskapp.xyz/app_dev.php/usuario/6,1529971471,,200
6cae0f,192.168.56.1,GET,http://taskapp.xyz/app_dev.php/usuario,1529971472,,200
afdba4,192.168.56.1,GET,http://taskapp.xyz/app_dev.php/usuario/10,1529971474,,200
7ab123,192.168.56.1,GET,http://taskapp.xyz/app_dev.php/usuario,1529971476,,200
9dd585,192.168.56.1,GET,http://taskapp.xyz/app_dev.php/usuario/16,1529971480,,200
678dde,192.168.56.1,GET,http://taskapp.xyz/app_dev.php/usuario,1529971482,,200
45daf8,192.168.56.1,GET,http://taskapp.xyz/app_dev.php/usuario/1,1529971486,,200
f4bf06,192.168.56.1,GET,http://taskapp.xyz/app_dev.php/usuario,1529971590,,200
c5d6a7,192.168.56.1,GET,http://taskapp.xyz/app_dev.php/usuario/4,1529971593,,200
15b7fa,192.168.56.1,GET,http://taskapp.xyz/app_dev.php/usuario,1529971733,,200
24d9b5,192.168.56.1,GET,http://taskapp.xyz/app_dev.php/usuario/3,1529971735,,200
e040b0,192.168.56.1,GET,http://taskapp.xyz/app_dev.php/usuario,1529971738,,200
ae5084,192.168.56.1,GET,http://taskapp.xyz/app_dev.php/usuario,1529971781,,200
09e283,192.168.56.1,GET,http://taskapp.xyz/app_dev.php/usuarior/2,1529971784,ea99f3,200
ea99f3,192.168.56.1,GET,http://taskapp.xyz/app_dev.php/usuarior/2,1529971784,,405
51732c,192.168.56.1,GET,http://taskapp.xyz/app_dev.php/usuario,1529971800,,200
45e371,192.168.56.1,GET,http://taskapp.xyz/app_dev.php/usuarior/1,1529971801,4931a0,200
4931a0,192.168.56.1,GET,http://taskapp.xyz/app_dev.php/usuarior/1,1529971801,,405
e22a1c,192.168.56.1,GET,http://taskapp.xyz/app_dev.php/usuario,1529971816,,200
f0a9b6,192.168.56.1,GET,http://taskapp.xyz/app_dev.php/usuarior/1,1529971817,,200
188ea8,192.168.56.1,GET,http://taskapp.xyz/app_dev.php/usuario,1529971820,,200
4b5f2b,192.168.56.1,GET,http://taskapp.xyz/app_dev.php/usuarior/1,1529971831,,200
98e55e,192.168.56.1,GET,http://taskapp.xyz/app_dev.php/usuario,1529971834,,200
17334d,192.168.56.1,GET,http://taskapp.xyz/app_dev.php/usuarior/1,1529971871,,200
364268,192.168.56.1,GET,http://taskapp.xyz/app_dev.php/usuario,1529971874,,200
ad4ffd,192.168.56.1,GET,http://taskapp.xyz/app_dev.php/usuarior/2,1529971888,,200
0a2907,192.168.56.1,GET,http://taskapp.xyz/app_dev.php/usuario,1529971891,,200
56d9d3,192.168.56.1,GET,http://taskapp.xyz/app_dev.php/usuario/1,1529971892,,200
0dea61,192.168.56.1,GET,http://taskapp.xyz/app_dev.php/usuario,1529971896,,200
335a97,192.168.56.1,GET,http://taskapp.xyz/app_dev.php/usuario/1,1529971899,,200
162849,192.168.56.1,GET,http://taskapp.xyz/app_dev.php/usuario,1529971900,,200
731ca5,192.168.56.1,GET,http://taskapp.xyz/app_dev.php/usuario/2,1529971917,,200
d24569,192.168.56.1,GET,http://taskapp.xyz/app_dev.php/usuario,1529971919,,200
f6ff83,192.168.56.1,GET,http://taskapp.xyz/app_dev.php/usuario,1529971941,,200
79cc12,192.168.56.1,GET,http://taskapp.xyz/app_dev.php/usuario/1,1529971942,,200
a34c37,192.168.56.1,GET,http://taskapp.xyz/app_dev.php/usuario/1,1529971963,,200
9e31d6,192.168.56.1,GET,http://taskapp.xyz/app_dev.php/usuario,1529971966,,200
ea3e9a,192.168.56.1,GET,http://taskapp.xyz/app_dev.php/usuarior/2,1529971967,,200
4565d3,192.168.56.1,GET,http://taskapp.xyz/app_dev.php/usuario,1529971968,,200
e17629,192.168.56.1,GET,http://taskapp.xyz/app_dev.php/usuario,1529972092,,200
2e9a62,192.168.56.1,GET,http://taskapp.xyz/app_dev.php/usuario,1529972093,,200
94ac44,192.168.56.1,GET,http://taskapp.xyz/app_dev.php/usuario/1,1529972094,,200
8212aa,192.168.56.1,GET,http://taskapp.xyz/app_dev.php/usuario,1529972095,,200
a1df9b,192.168.56.1,GET,http://taskapp.xyz/app_dev.php/usuarior/1,1529972096,,200
f2dad9,192.168.56.1,GET,http://taskapp.xyz/app_dev.php/usuario,1529972098,,200
cb48e9,192.168.56.1,GET,http://taskapp.xyz/app_dev.php/usuario/1,1529972164,,200
bcb7d5,192.168.56.1,GET,http://taskapp.xyz/app_dev.php/usuario,1529972226,,200
e3df72,192.168.56.1,GET,http://taskapp.xyz/app_dev.php/usuario/1,1529972229,,200
32bde6,192.168.56.1,GET,http://taskapp.xyz/app_dev.php/usuario,1529972233,,200
d630f9,192.168.56.1,GET,http://taskapp.xyz/app_dev.php/usuario/1,1529972320,,200
a36488,192.168.56.1,GET,http://taskapp.xyz/app_dev.php/usuario,1529972326,,200
166090,192.168.56.1,GET,http://taskapp.xyz/app_dev.php/usuarior/1,1529972327,,200
040e9b,192.168.56.1,GET,http://taskapp.xyz/app_dev.php/usuario,1529972561,,200
a5b7ce,192.168.56.1,GET,http://taskapp.xyz/app_dev.php/usuario/15,1529972564,,200
0b54e9,192.168.56.1,GET,http://taskapp.xyz/app_dev.php/usuario,1529972567,,200
b1eaf9,192.168.56.1,GET,http://taskapp.xyz/app_dev.php/usuario/15,1529972570,,200
3e49bb,192.168.56.1,GET,http://taskapp.xyz/app_dev.php/usuario,1529972571,,200
a6d758,192.168.56.1,GET,http://taskapp.xyz/app_dev.php/usuario,1529972611,,200
f89e06,192.168.56.1,GET,http://taskapp.xyz/app_dev.php/usuario/15,1529972614,,200
ae0a3f,192.168.56.1,GET,http://taskapp.xyz/app_dev.php/usuario,1529972616,,200
076c42,192.168.56.1,GET,http://taskapp.xyz/app_dev.php/usuario,1529972629,,200
9f6fe7,192.168.56.1,GET,http://taskapp.xyz/app_dev.php/usuario,1529972651,,200
bfbf22,192.168.56.1,GET,http://taskapp.xyz/app_dev.php/usuarior/15,1529972654,,302
da31e4,192.168.56.1,GET,http://taskapp.xyz/app_dev.php/usuario,1529972654,,200
297db4,192.168.56.1,GET,http://taskapp.xyz/app_dev.php/usuarior/14,1529972657,,302
0e86a4,192.168.56.1,GET,http://taskapp.xyz/app_dev.php/usuario,1529972657,,200
4e48f7,192.168.56.1,GET,http://taskapp.xyz/app_dev.php/usuarior/6,1529972662,,302
48b483,192.168.56.1,GET,http://taskapp.xyz/app_dev.php/usuario,1529972662,,200
cf1177,192.168.56.1,GET,http://taskapp.xyz/app_dev.php/usuarior/7,1529972664,,302
df6cb4,192.168.56.1,GET,http://taskapp.xyz/app_dev.php/usuario,1529972664,,200
54e71f,192.168.56.1,GET,http://taskapp.xyz/app_dev.php/usuario,1529972769,,200
978d1f,192.168.56.1,GET,http://taskapp.xyz/app_dev.php/usuario/remove/8,1529972771,,200
1aa9f3,192.168.56.1,GET,http://taskapp.xyz/app_dev.php/usuario/r/8,1529972773,,302
8bf7d0,192.168.56.1,GET,http://taskapp.xyz/app_dev.php/usuario,1529972773,,200
d124b6,192.168.56.1,GET,http://taskapp.xyz/app_dev.php/usuario/remove/13,1529972777,,200
f42101,192.168.56.1,GET,http://taskapp.xyz/app_dev.php/usuario/r/13,1529972778,,302
02d1f6,192.168.56.1,GET,http://taskapp.xyz/app_dev.php/usuario,1529972778,,200
35bec1,192.168.56.1,GET,http://taskapp.xyz/app_dev.php/usuario/remove/12,1529972795,,200
5a2acf,192.168.56.1,GET,http://taskapp.xyz/app_dev.php/usuario,1529972796,,200
d74661,192.168.56.1,GET,http://taskapp.xyz/app_dev.php/usuario,1529972838,,200
8598a3,192.168.56.1,GET,http://taskapp.xyz/app_dev.php/usuario/remove/12,1529972840,,200
0754a4,192.168.56.1,GET,http://taskapp.xyz/app_dev.php/usuario/r/12,1529972842,,302
f76a09,192.168.56.1,GET,http://taskapp.xyz/app_dev.php/usuario,1529972842,,200
ee812f,192.168.56.1,GET,http://taskapp.xyz/app_dev.php/usuario/remove/11,1529972961,,200
76ff0c,192.168.56.1,GET,http://taskapp.xyz/app_dev.php/usuario/r/11,1529972965,,302
c6ae81,192.168.56.1,GET,http://taskapp.xyz/app_dev.php/usuario,1529972965,,200
d3d74f,192.168.56.1,GET,http://taskapp.xyz/app_dev.php/usuario/remove/10,1529972967,,200
0a898d,192.168.56.1,GET,http://taskapp.xyz/app_dev.php/usuario,1529972968,,200
b50708,192.168.56.1,GET,http://taskapp.xyz/app_dev.php/usuario/1,1529973300,,200
c42864,192.168.56.1,GET,http://taskapp.xyz/app_dev.php/usuario/1,1529973329,,200
1eb461,192.168.56.1,GET,http://taskapp.xyz/app_dev.php/usuario/1,1529973572,,200
bc849c,192.168.56.1,GET,http://taskapp.xyz/app_dev.php/usuario/1,1529973776,,200
69df07,192.168.56.1,PUT,http://taskapp.xyz/app_dev.php/rest/usuario/3/actualizar,1529974257,,200
f6c278,192.168.56.1,PUT,http://taskapp.xyz/app_dev.php/rest/usuario/3/actualizar,1529974275,,200
71736f,192.168.56.1,PUT,http://taskapp.xyz/app_dev.php/rest/usuario/3,1529974309,,200
aabd10,192.168.56.1,GET,http://taskapp.xyz/app_dev.php/usuario,1529974312,,200
f30a1b,192.168.56.1,GET,http://taskapp.xyz/app_dev.php/usuario/3,1529974314,,200
cf861d,192.168.56.1,PUT,http://taskapp.xyz/app_dev.php/rest/usuario/3,1529974320,,200
4bd716,192.168.56.1,GET,http://taskapp.xyz/app_dev.php/usuario,1529974340,,200
f1c20c,192.168.56.1,GET,http://taskapp.xyz/app_dev.php/usuario/3,1529974410,,200
6fcad7,192.168.56.1,PUT,http://taskapp.xyz/app_dev.php/rest/usuario/3,1529974415,,200
4e7098,192.168.56.1,GET,http://taskapp.xyz/app_dev.php/usuario,1529974416,,200
28fc04,192.168.56.1,GET,http://taskapp.xyz/app_dev.php/usuario/3,1529974425,,200
5f4ffc,192.168.56.1,PUT,http://taskapp.xyz/app_dev.php/rest/usuario/3,1529974430,,200
a87c6e,192.168.56.1,GET,http://taskapp.xyz/app_dev.php/usuario,1529974431,,200
c99804,192.168.56.1,GET,http://taskapp.xyz/app_dev.php/usuario,1529974505,,200
9308e6,192.168.56.1,GET,http://taskapp.xyz/app_dev.php/usuario/3,1529974506,,200
f54ef0,192.168.56.1,PUT,http://taskapp.xyz/app_dev.php/rest/usuario/3,1529974510,,200
4b9b5e,192.168.56.1,GET,http://taskapp.xyz/app_dev.php/usuario,1529974511,,200
e43a28,192.168.56.1,GET,http://taskapp.xyz/app_dev.php/usuario/3,1529974581,,200
f45588,192.168.56.1,PUT,http://taskapp.xyz/app_dev.php/rest/usuario/3,1529974584,,200
36634b,192.168.56.1,PUT,http://taskapp.xyz/app_dev.php/rest/usuario/3,1529974595,,200
a4357e,192.168.56.1,GET,http://taskapp.xyz/app_dev.php/usuario/3,1529975408,,200
7f56b5,192.168.56.1,GET,http://taskapp.xyz/app_dev.php/usuario/3,1529975438,,200
5040ad,192.168.56.1,GET,http://taskapp.xyz/app_dev.php/usuario/3,1529975440,,200
e50dd4,192.168.56.1,GET,http://taskapp.xyz/app_dev.php/usuario/3,1529975456,,200
ddbe7b,192.168.56.1,GET,http://taskapp.xyz/app_dev.php/usuario/3,1529975457,,200
6a167e,192.168.56.1,GET,http://taskapp.xyz/app_dev.php/usuario/3,1529975496,,200
b72ab2,192.168.56.1,GET,http://taskapp.xyz/app_dev.php/usuario/3,1529975497,,200
c45e5f,192.168.56.1,GET,http://taskapp.xyz/app_dev.php/usuario,1529975796,,200
53163b,192.168.56.1,GET,http://taskapp.xyz/app_dev.php/usuario/10/remove,1529975800,,200
268831,192.168.56.1,GET,http://taskapp.xyz/app_dev.php/usuario,1529975816,,200
737257,192.168.56.1,GET,http://taskapp.xyz/app_dev.php/usuario/10/remove,1529975819,,200
ab7890,192.168.56.1,DELETE,http://taskapp.xyz/app_dev.php/rest/usuario/10,1529975820,,302
3cd71a,192.168.56.1,DELETE,http://taskapp.xyz/app_dev.php/usuario,1529975820,,200
d1c76b,192.168.56.1,GET,http://taskapp.xyz/app_dev.php/usuario,1529975827,,200
93acf9,192.168.56.1,GET,http://taskapp.xyz/app_dev.php/usuario,1529975850,,200
2dbf1c,192.168.56.1,GET,http://taskapp.xyz/app_dev.php/usuario/9/remove,1529975852,,200
3c189f,192.168.56.1,DELETE,http://taskapp.xyz/app_dev.php/rest/usuario/9,1529975854,,302
559f32,192.168.56.1,DELETE,http://taskapp.xyz/app_dev.php/usuario,1529975854,,200
67316f,192.168.56.1,GET,http://taskapp.xyz/app_dev.php/rest/usuario/9,1529975895,529058,200
529058,192.168.56.1,DELETE,http://taskapp.xyz/app_dev.php/rest/usuario/9,1529975895,,404
9cacb2,192.168.56.1,GET,http://taskapp.xyz/app_dev.php/usuario,1529975898,,200
72fc4c,192.168.56.1,POST,http://taskapp.xyz/app_dev.php/rest/usuariog,1529975931,,200
05a85f,192.168.56.1,POST,http://taskapp.xyz/app_dev.php/rest/usuariog,1529975933,,200
b2c3ca,192.168.56.1,POST,http://taskapp.xyz/app_dev.php/rest/usuariog,1529975933,,200
c9ae60,192.168.56.1,GET,http://taskapp.xyz/app_dev.php/usuario,1529975937,,200
a0c87c,192.168.56.1,GET,http://taskapp.xyz/app_dev.php/usuario/18/remove,1529975939,,200
0458f6,192.168.56.1,DELETE,http://taskapp.xyz/app_dev.php/rest/usuario/18,1529975941,,302
29e77d,192.168.56.1,DELETE,http://taskapp.xyz/app_dev.php/usuario,1529975941,,200
74e90b,192.168.56.1,GET,http://taskapp.xyz/app_dev.php/usuario,1529975969,,200
90faad,192.168.56.1,GET,http://taskapp.xyz/app_dev.php/usuario/19/remove,1529975971,,200
bee22a,192.168.56.1,DELETE,http://taskapp.xyz/app_dev.php/rest/usuario/19,1529975972,,302
0517b2,192.168.56.1,DELETE,http://taskapp.xyz/app_dev.php/usuario,1529975972,,200
6f1f9b,192.168.56.1,GET,http://taskapp.xyz/app_dev.php/usuario/19/remove,1529976032,cb4c25,200
cb4c25,192.168.56.1,GET,http://taskapp.xyz/app_dev.php/usuario/19/remove,1529976032,,404
d3190a,192.168.56.1,GET,http://taskapp.xyz/app_dev.php/usuario,1529976035,,200
b4f21f,192.168.56.1,GET,http://taskapp.xyz/app_dev.php/usuario/17/remove,1529976037,,200
5998e5,192.168.56.1,DELETE,http://taskapp.xyz/app_dev.php/rest/usuario/17,1529976039,,302
6d5e79,192.168.56.1,DELETE,http://taskapp.xyz/app_dev.php/usuario,1529976039,,200
e4a67d,192.168.56.1,GET,http://taskapp.xyz/app_dev.php/usuario,1529976155,,200
a09f37,192.168.56.1,GET,http://taskapp.xyz/app_dev.php/usuario/16/remove,1529976157,,200
8eda2b,192.168.56.1,DELETE,http://taskapp.xyz/app_dev.php/rest/usuario/16,1529976158,,302
4a3731,192.168.56.1,DELETE,http://taskapp.xyz/app_dev.php/usuario,1529976158,,200
b10e51,192.168.56.1,GET,http://taskapp.xyz/app_dev.php/usuario,1529976173,,200
7df174,192.168.56.1,POST,http://taskapp.xyz/app_dev.php/rest/usuariog,1529976176,,200
1a605b,192.168.56.1,POST,http://taskapp.xyz/app_dev.php/rest/usuariog,1529976177,,200
5237d4,192.168.56.1,POST,http://taskapp.xyz/app_dev.php/rest/usuariog,1529976177,,200
b39bb6,192.168.56.1,POST,http://taskapp.xyz/app_dev.php/rest/usuariog,1529976177,,200
5e73a8,192.168.56.1,POST,http://taskapp.xyz/app_dev.php/rest/usuariog,1529976178,,200
c45cab,192.168.56.1,GET,http://taskapp.xyz/app_dev.php/usuario,1529976180,,200
392111,192.168.56.1,GET,http://taskapp.xyz/app_dev.php/usuario/20/remove,1529976183,,200
864695,192.168.56.1,DELETE,http://taskapp.xyz/app_dev.php/rest/usuario/20,1529976184,,302
d60aea,192.168.56.1,DELETE,http://taskapp.xyz/app_dev.php/usuario,1529976184,,200
6555a5,192.168.56.1,GET,http://taskapp.xyz/app_dev.php/usuario,1529976184,,200
cecd57,192.168.56.1,GET,http://taskapp.xyz/app_dev.php/usuario/21/remove,1529976193,,200
e5131b,192.168.56.1,DELETE,http://taskapp.xyz/app_dev.php/rest/usuario/21,1529976195,,302
236f7f,192.168.56.1,DELETE,http://taskapp.xyz/app_dev.php/usuario,1529976195,,200
2a7f05,192.168.56.1,GET,http://taskapp.xyz/app_dev.php/usuario,1529976195,,200
0edd1b,192.168.56.1,GET,http://taskapp.xyz/app_dev.php/usuario/23/remove,1529976197,,200
513290,192.168.56.1,DELETE,http://taskapp.xyz/app_dev.php/rest/usuario/23,1529976198,,302
35af6c,192.168.56.1,DELETE,http://taskapp.xyz/app_dev.php/usuario,1529976198,,200
b8475f,192.168.56.1,GET,http://taskapp.xyz/app_dev.php/usuario,1529976198,,200
7557a9,192.168.56.101,GET,http://taskapp.xyz/app_dev.php/,1531178218,,200
c6a027,192.168.56.101,GET,http://taskapp.xyz/app_dev.php/usuario,1531178234,,200
eb3a34,192.168.56.101,GET,http://taskapp.xyz/app_dev.php/usuario/1,1531181448,,200
d4a33f,192.168.56.101,GET,http://taskapp.xyz/app_dev.php/usuario,1531181452,,200
eb1f8a,192.168.56.101,GET,http://taskapp.xyz/app_dev.php/usuario/1,1531181742,,200
bac131,192.168.56.101,PUT,http://taskapp.xyz/app_dev.php/rest/usuario/1,1531181748,,200
db5142,192.168.56.101,GET,http://taskapp.xyz/app_dev.php/usuario,1531181748,,200
9c8b2b,192.168.56.101,GET,http://taskapp.xyz/app_dev.php/usuario/1,1531181749,,200
376f83,192.168.56.101,GET,http://taskapp.xyz/app_dev.php/usuario,1531181750,,200
921b97,192.168.56.101,GET,http://taskapp.xyz/app_dev.php/usuario/2,1531181751,,200
54819a,192.168.56.101,GET,http://taskapp.xyz/app_dev.php/usuario,1531181753,,200
6a3ddb,192.168.56.101,GET,http://taskapp.xyz/app_dev.php/usuario/3,1531181754,,200
b527c2,192.168.56.101,GET,http://taskapp.xyz/app_dev.php/usuario,1531181756,,200
6f5ad3,192.168.56.101,GET,http://taskapp.xyz/app_dev.php/usuario/5,1531181756,,200
566577,192.168.56.101,GET,http://taskapp.xyz/app_dev.php/usuario,1531181757,,200
1d603f,192.168.56.101,GET,http://taskapp.xyz/app_dev.php/usuario,1531181903,,200
fad23a,192.168.56.101,GET,http://taskapp.xyz/app_dev.php/usuario/1,1531181905,,200
73ba5f,192.168.56.101,PUT,http://taskapp.xyz/app_dev.php/rest/usuario/1,1531181908,,200
3caaf9,192.168.56.101,GET,http://taskapp.xyz/app_dev.php/usuario,1531181908,,200
ea328a,192.168.56.101,GET,http://taskapp.xyz/app_dev.php/usuario/1,1531181910,,200
8c3c50,192.168.56.101,GET,http://taskapp.xyz/app_dev.php/usuario,1531181912,,200
e090a7,192.168.56.101,GET,http://taskapp.xyz/app_dev.php/usuario/3,1531185413,3db646,200
3db646,192.168.56.101,GET,http://taskapp.xyz/app_dev.php/usuario/3,1531185413,,500
ccc91a,192.168.56.101,GET,http://taskapp.xyz/app_dev.php/usuario/22,1531185419,2a43d0,200
2a43d0,192.168.56.101,GET,http://taskapp.xyz/app_dev.php/usuario/22,1531185419,,500
2ddc2a,192.168.56.101,GET,http://taskapp.xyz/app_dev.php/rest/usuariog/5,1531584371,,200
cbd27f,192.168.56.101,GET,http://taskapp.xyz/app_dev.php/rest/usuariog/5,1531584477,,200
67f6ef,192.168.56.101,GET,http://taskapp.xyz/app_dev.php/usuario/17/remove,1531584549,558ce2,200
558ce2,192.168.56.101,GET,http://taskapp.xyz/app_dev.php/usuario/17/remove,1531584549,,404
f07e9f,192.168.56.101,GET,http://taskapp.xyz/app_dev.php/usuario/17,1531584555,7b8a17,200
7b8a17,192.168.56.101,GET,http://taskapp.xyz/app_dev.php/usuario/17,1531584555,,404
8963a1,192.168.56.101,GET,http://taskapp.xyz/app_dev.php/usuario/,1531584558,fb1c56,200
fb1c56,192.168.56.101,GET,http://taskapp.xyz/app_dev.php/usuario/,1531584558,,404
168fe5,192.168.56.101,GET,http://taskapp.xyz/app_dev.php/usuario,1531584560,,200
33e635,192.168.56.101,GET,http://taskapp.xyz/app_dev.php/usuariog/3,1531584562,49519b,200
49519b,192.168.56.101,GET,http://taskapp.xyz/app_dev.php/usuariog/3,1531584562,,404
0005c5,192.168.56.101,GET,http://taskapp.xyz/app_dev.php/rest/usuariog/3,1531584581,c8ddb5,200
c8ddb5,192.168.56.101,GET,http://taskapp.xyz/app_dev.php/rest/usuariog/3,1531584581,,500
0cf9c5,192.168.56.101,GET,http://taskapp.xyz/app_dev.php/usuario/3,1531584614,,200
33ee8c,192.168.56.101,GET,http://taskapp.xyz/app_dev.php/usuario,1531584616,,200
6a65be,192.168.56.101,GET,http://taskapp.xyz/app_dev.php/rest/usuariog/3,1531584641,279dac,200
279dac,192.168.56.101,GET,http://taskapp.xyz/app_dev.php/rest/usuariog/3,1531584641,,500
d3533f,192.168.56.101,GET,http://taskapp.xyz/app_dev.php/rest/usuariog/3,1531584900,c215e7,200
c215e7,192.168.56.101,GET,http://taskapp.xyz/app_dev.php/rest/usuariog/3,1531584900,,500
748571,192.168.56.101,GET,http://taskapp.xyz/app_dev.php/rest/usuariog/3,1531584929,7bf032,200
7bf032,192.168.56.101,GET,http://taskapp.xyz/app_dev.php/rest/usuariog/3,1531584929,,500
a389fc,192.168.56.101,GET,http://taskapp.xyz/app_dev.php/usuario/3,1531585129,,200
1ad64e,192.168.56.101,GET,http://taskapp.xyz/app_dev.php/rest/usuario/3,1531585140,01b3bc,200
01b3bc,192.168.56.101,PUT,http://taskapp.xyz/app_dev.php/rest/usuario/3,1531585140,,500
83acbf,192.168.56.101,GET,http://taskapp.xyz/app_dev.php/rest/usuario/3,1531585141,b0cad6,200
b0cad6,192.168.56.101,PUT,http://taskapp.xyz/app_dev.php/rest/usuario/3,1531585141,,500
fb2a3c,192.168.56.101,GET,http://taskapp.xyz/app_dev.php/rest/usuario/3,1531585143,905203,200
905203,192.168.56.101,PUT,http://taskapp.xyz/app_dev.php/rest/usuario/3,1531585143,,500
3d6077,192.168.56.101,GET,http://taskapp.xyz/app_dev.php/rest/usuario/3,1531585143,2ed8eb,200
2ed8eb,192.168.56.101,PUT,http://taskapp.xyz/app_dev.php/rest/usuario/3,1531585143,,500
6e141b,192.168.56.101,GET,http://taskapp.xyz/app_dev.php/rest/usuario/3,1531585143,a2ff58,200
a2ff58,192.168.56.101,PUT,http://taskapp.xyz/app_dev.php/rest/usuario/3,1531585143,,500
7399b5,192.168.56.101,GET,http://taskapp.xyz/app_dev.php/rest/usuario/3,1531585144,dd5165,200
dd5165,192.168.56.101,PUT,http://taskapp.xyz/app_dev.php/rest/usuario/3,1531585144,,500
881fb0,192.168.56.101,GET,http://taskapp.xyz/app_dev.php/usuario/3,1531585281,,200
1ed0fc,192.168.56.101,GET,http://taskapp.xyz/app_dev.php/rest/usuario/3,1531585285,3d2982,200
3d2982,192.168.56.101,PUT,http://taskapp.xyz/app_dev.php/rest/usuario/3,1531585285,,500
695c0f,192.168.56.101,GET,http://taskapp.xyz/app_dev.php/rest/usuario/3,1531585447,5c360d,200
5c360d,192.168.56.101,PUT,http://taskapp.xyz/app_dev.php/rest/usuario/3,1531585447,,500
c67686,192.168.56.101,PUT,http://taskapp.xyz/app_dev.php/rest/usuario/3,1531585513,,200
c9e19a,192.168.56.101,GET,http://taskapp.xyz/app_dev.php/usuario/3,1531585521,,200
3e9961,192.168.56.101,GET,http://taskapp.xyz/app_dev.php/usuario/3,1531585523,,200
d1d1c1,192.168.56.101,GET,http://taskapp.xyz/app_dev.php/usuario,1531585527,,200
f11073,192.168.56.101,GET,http://taskapp.xyz/app_dev.php/usuario/3,1531585529,,200
dd483e,192.168.56.101,GET,http://taskapp.xyz/app_dev.php/rest/usuario/3,1531585550,34ce9b,200
34ce9b,192.168.56.101,PUT,http://taskapp.xyz/app_dev.php/rest/usuario/3,1531585550,,500
b6820b,192.168.56.101,PUT,http://taskapp.xyz/app_dev.php/rest/usuario/3,1531585635,,200
39b222,192.168.56.101,PUT,http://taskapp.xyz/app_dev.php/rest/usuario/3,1531585662,,200
0480aa,192.168.56.101,GET,http://taskapp.xyz/app_dev.php/rest/usuariog/3,1531585689,,200
94db50,192.168.56.101,GET,http://taskapp.xyz/app_dev.php/usuario,1531585696,,200
5d15f6,192.168.56.101,GET,http://taskapp.xyz/app_dev.php/usuario/2,1531585698,,200
fccd67,192.168.56.101,GET,http://taskapp.xyz/app_dev.php/usuario,1531585700,,200
bc154b,192.168.56.101,GET,http://taskapp.xyz/app_dev.php/rest/usuariog/2,1531585706,,200
18a3a4,192.168.56.101,PUT,http://taskapp.xyz/app_dev.php/rest/usuario/3,1531585724,,200
db029d,192.168.56.101,GET,http://taskapp.xyz/app_dev.php/rest/usuario/3,1531585804,77b2cf,200
77b2cf,192.168.56.101,PUT,http://taskapp.xyz/app_dev.php/rest/usuario/3,1531585804,,500
483fcb,192.168.56.101,PUT,http://taskapp.xyz/app_dev.php/rest/usuario/3,1531585822,,200
1cf976,192.168.56.101,PUT,http://taskapp.xyz/app_dev.php/rest/usuario/3,1531585880,,200
8c912a,192.168.56.101,PUT,http://taskapp.xyz/app_dev.php/rest/usuario/3,1531586062,,200
de52b0,192.168.56.101,PUT,http://taskapp.xyz/app_dev.php/rest/usuario/3,1531586153,,200
a8a4c6,192.168.56.101,PUT,http://taskapp.xyz/app_dev.php/rest/usuario/3,1531586191,,200
c44f0d,192.168.56.101,GET,http://taskapp.xyz/app_dev.php/usuario/3,1531586254,,200
89a66a,192.168.56.101,GET,http://taskapp.xyz/app_dev.php/usuario,1531586256,,200
29ac90,192.168.56.101,GET,http://taskapp.xyz/app_dev.php/usuario/3,1531586258,,200
4ec676,192.168.56.101,GET,http://taskapp.xyz/app_dev.php/usuario,1531586259,,200
207054,192.168.56.101,GET,http://taskapp.xyz/app_dev.php/usuario/22,1531586262,,200
96b547,192.168.56.101,GET,http://taskapp.xyz/app_dev.php/rest/usuario/22,1531586274,4b82ee,200
4b82ee,192.168.56.101,PUT,http://taskapp.xyz/app_dev.php/rest/usuario/22,1531586274,,500
340e35,192.168.56.101,GET,http://taskapp.xyz/app_dev.php/rest/usuario/22,1531586333,cde577,200
cde577,192.168.56.101,PUT,http://taskapp.xyz/app_dev.php/rest/usuario/22,1531586333,,500
96a39c,192.168.56.101,GET,http://taskapp.xyz/app_dev.php/usuario/22,1531586335,,200
9ad6d9,192.168.56.101,GET,http://taskapp.xyz/app_dev.php/rest/usuario/22,1531586339,e6abed,200
e6abed,192.168.56.101,PUT,http://taskapp.xyz/app_dev.php/rest/usuario/22,1531586339,,500
f3b102,192.168.56.101,GET,http://taskapp.xyz/app_dev.php/usuario/22,1531586418,,200
a238fe,192.168.56.101,GET,http://taskapp.xyz/app_dev.php/usuario/22,1531586460,,200
04a2d2,192.168.56.101,GET,http://taskapp.xyz/app_dev.php/usuario/22,1531586469,,200
506d3b,192.168.56.101,GET,http://taskapp.xyz/app_dev.php/rest/usuario/22,1531586471,a388c9,200
a388c9,192.168.56.101,PUT,http://taskapp.xyz/app_dev.php/rest/usuario/22,1531586471,,500
0142d6,192.168.56.101,GET,http://taskapp.xyz/app_dev.php/usuario/22,1531586509,,200
82be0d,192.168.56.101,PUT,http://taskapp.xyz/app_dev.php/rest/usuario/22,1531586512,,200
9677b3,192.168.56.101,GET,http://taskapp.xyz/app_dev.php/usuario,1531586512,,200
140dd0,192.168.56.101,GET,http://taskapp.xyz/app_dev.php/usuario/22,1531586514,,200
d5a47b,192.168.56.101,PUT,http://taskapp.xyz/app_dev.php/rest/usuario/22,1531586523,,200
e9b982,192.168.56.101,GET,http://taskapp.xyz/app_dev.php/usuario,1531586523,,200
16f850,192.168.56.101,GET,http://taskapp.xyz/app_dev.php/usuario/24/remove,1531586525,,200
cac849,192.168.56.101,DELETE,http://taskapp.xyz/app_dev.php/rest/usuario/24,1531586526,,302
aee03b,192.168.56.101,DELETE,http://taskapp.xyz/app_dev.php/usuario,1531586526,,200
2cc66c,192.168.56.101,GET,http://taskapp.xyz/app_dev.php/usuario,1531586526,,200
0d002e,192.168.56.101,GET,http://taskapp.xyz/app_dev.php/usuario/5,1531586528,,200
d898a3,192.168.56.101,GET,http://taskapp.xyz/app_dev.php/usuario,1531586529,,200
bace66,192.168.56.101,GET,http://taskapp.xyz/app_dev.php/usuario/5/remove,1531586530,,200
a64eb9,192.168.56.101,DELETE,http://taskapp.xyz/app_dev.php/rest/usuario/5,1531586532,,302
6c996a,192.168.56.101,DELETE,http://taskapp.xyz/app_dev.php/usuario,1531586532,,200
ecf537,192.168.56.101,GET,http://taskapp.xyz/app_dev.php/usuario,1531586532,,200
538ba7,192.168.56.101,GET,http://taskapp.xyz/app_dev.php/usuario/1/remove,1531586534,,200
7fb487,192.168.56.101,DELETE,http://taskapp.xyz/app_dev.php/rest/usuario/1,1531586535,,302
6a40b1,192.168.56.101,DELETE,http://taskapp.xyz/app_dev.php/usuario,1531586535,,200
effdd2,192.168.56.101,GET,http://taskapp.xyz/app_dev.php/usuario,1531586536,,200
cb84b2,192.168.56.101,GET,http://taskapp.xyz/app_dev.php/usuario/2/remove,1531586537,,200
a59dd5,192.168.56.101,DELETE,http://taskapp.xyz/app_dev.php/rest/usuario/2,1531586538,,302
72b944,192.168.56.101,DELETE,http://taskapp.xyz/app_dev.php/usuario,1531586538,,200
981cc6,192.168.56.101,GET,http://taskapp.xyz/app_dev.php/usuario,1531586538,,200
d4ccb3,192.168.56.101,GET,http://taskapp.xyz/app_dev.php/usuario/4,1531586540,,200
548c42,192.168.56.101,GET,http://taskapp.xyz/app_dev.php/usuario,1531586544,,200
27a0b7,192.168.56.101,GET,http://taskapp.xyz/app_dev.php/usuario/3,1531586545,,200
929e48,192.168.56.101,PUT,http://taskapp.xyz/app_dev.php/rest/usuario/3,1531586552,,200
7bf355,192.168.56.101,GET,http://taskapp.xyz/app_dev.php/usuario,1531586552,,200
a2b008,192.168.56.101,GET,http://taskapp.xyz/app_dev.php/usuario/4,1531586555,,200
b576ff,192.168.56.101,PUT,http://taskapp.xyz/app_dev.php/rest/usuario/4,1531586581,,200
533cd2,192.168.56.101,GET,http://taskapp.xyz/app_dev.php/usuario,1531586581,,200
ca955c,192.168.56.101,GET,http://taskapp.xyz/app_dev.php/usuario/22,1531586582,,200
01df36,192.168.56.101,PUT,http://taskapp.xyz/app_dev.php/rest/usuario/22,1531586611,,200
90b56f,192.168.56.101,GET,http://taskapp.xyz/app_dev.php/usuario,1531586611,,200
2abbe1,192.168.56.101,GET,http://taskapp.xyz/app_dev.php/usuario,1531586616,,200
